ticker,data_anuncio,hora,T_minus_15,T_minus_12,data_saida,nota_saida,janela_aberta_hoje,preco,mm20,mm50,mm200,atr14,vol_medio_50d,stop,tendencia_ok,acima_mm20,acima_mm50,recuo_mm50_%,maximo_52s,drawdown_52s_%,data_preco,beta,filtros_reacao,gap_ultimo_anuncio_%,mov_historico_%,movs_4_ultimos,eps_estimate,estado,motivo,verificar_IR,zacks_rank
JNJ,2026-10-13,,2026-09-22,2026-09-25,2026-10-12,fecho da sessao anterior ao anuncio (BMO/DMH),False,271.95,269.84,265.35,240.68,4.8,6758210,257.55,True,True,True,2.49,278.43,-2.33,2026-09-28,-0.17,pendente,,,,2.5873,OK,,PENDENTE,
JPM,2026-10-13,,2026-09-22,2026-09-25,2026-10-12,fecho da sessao anterior ao anuncio (BMO/DMH),False,336.59,350.21,353.25,321.44,7.25,6963648,314.84,True,False,False,-4.72,365.18,-7.83,2026-09-28,0.79,pendente,,,,5.8818,OK,,PENDENTE,
UNH,2026-10-13,bmo,2026-09-22,2026-09-25,2026-10-12,fecho da sessao anterior ao anuncio (BMO/DMH),False,377.83,384.14,398.41,355.7,9.49,4663538,349.36,True,False,False,-5.17,436.35,-13.41,2026-09-28,0.41,pendente,,,,4.1893,OK,,PENDENTE,
BAC,2026-10-14,bmo,2026-09-23,2026-09-28,2026-10-13,fecho da sessao anterior ao anuncio (BMO/DMH),False,55.47,59.69,61.42,55.31,1.4,32598014,51.27,True,False,False,-9.69,64.81,-14.41,2026-09-28,0.74,pendente,,,,1.1842,OK,,PENDENTE,
FAST,2026-10-14,,2026-09-23,2026-09-28,2026-10-13,fecho da sessao anterior ao anuncio (BMO/DMH),False,50.49,49.49,49.5,46.06,0.94,7027842,47.67,True,True,True,2.0,52.38,-3.61,2026-09-28,0.5,pendente,,,,0.3443,OK,,PENDENTE,
STT,2026-10-14,bmo,2026-09-23,2026-09-28,2026-10-13,fecho da sessao anterior ao anuncio (BMO/DMH),False,179.73,186.74,186.84,153.99,4.18,1749928,167.19,True,False,False,-3.81,194.26,-7.48,2026-09-28,1.07,pendente,,,,3.6788,OK,,PENDENTE,
BNY,2026-10-15,,2026-09-24,2026-09-29,2026-10-14,fecho da sessao anterior ao anuncio (BMO/DMH),True,148.44,156.93,158.53,136.22,3.2,3123392,138.84,True,False,False,-6.37,164.84,-9.95,2026-09-28,0.76,aplicados,1.26,2.79,"5.08,2.18,1.88,-2.03",2.2689,OK,,PENDENTE,
USB,2026-10-15,,2026-09-24,2026-09-29,2026-10-14,fecho da sessao anterior ao anuncio (BMO/DMH),True,58.78,61.11,62.61,57.58,1.22,7212882,55.12,True,False,False,-6.11,65.42,-10.15,2026-09-28,0.71,aplicados,0.16,1.98,"1.59,2.61,2.0,-1.72",1.3275,OK,,PENDENTE,
SLB,2026-10-16,bmo,2026-09-25,2026-09-30,2026-10-15,fecho da sessao anterior ao anuncio (BMO/DMH),True,51.49,54.49,52.75,50.3,1.74,12821616,46.27,True,False,False,-2.4,60.1,-14.33,2026-09-28,0.77,aplicados,6.04,4.29,"11.01,2.58,1.12,2.45",0.621,OK,,PENDENTE,
TRV,2026-10-16,bmo,2026-09-25,2026-09-30,2026-10-15,fecho da sessao anterior ao anuncio (BMO/DMH),True,363.16,369.31,372.51,318.61,6.74,1702600,342.94,True,False,False,-2.51,397.22,-8.57,2026-09-28,-0.1,aplicados,1.43,3.74,"9.22,0.66,2.14,-2.92",6.8403,OK,,PENDENTE,
HLT,2026-10-20,bmo,2026-09-29,2026-10-02,2026-10-19,fecho da sessao anterior ao anuncio (BMO/DMH),True,320.28,309.53,317.92,315.29,6.06,1877010,302.1,True,True,True,0.74,350.22,-8.55,2026-09-28,0.58,aplicados,-3.09,2.4,"-2.54,-2.74,-0.91,3.42",2.3775,OK,,PENDENTE,
PM,2026-10-20,bmo,2026-09-29,2026-10-02,2026-10-19,fecho da sessao anterior ao anuncio (BMO/DMH),True,193.76,189.32,190.1,177.16,4.47,4732012,180.35,True,True,True,1.93,200.17,-3.2,2026-09-28,-0.17,aplicados,2.12,3.67,"3.33,6.98,-0.54,-3.83",2.3347,OK,,PENDENTE,
VZ,2026-10-20,,2026-09-29,2026-10-02,2026-10-19,fecho da sessao anterior ao anuncio (BMO/DMH),True,46.68,49.13,48.15,46.3,1.11,21667542,43.35,True,False,False,-3.05,51.45,-9.27,2026-09-28,-0.27,aplicados,0.59,5.58,"5.84,1.55,11.83,-3.11",1.3135,OK,,PENDENTE,
CSX,2026-10-21,,2026-09-30,2026-10-05,2026-10-20,fecho da sessao anterior ao anuncio (BMO/DMH),False,46.76,48.12,49.75,44.11,0.9,11384334,44.06,True,False,False,-6.0,53.23,-12.15,2026-09-28,0.44,aplicados,4.07,4.2,"5.77,6.95,2.4,1.69",0.5429,OK,,PENDENTE,
DOC,2026-10-21,,2026-09-30,2026-10-05,2026-10-20,fecho da sessao anterior ao anuncio (BMO/DMH),False,20.1,20.51,21.12,18.82,0.36,5316622,19.02,True,False,False,-4.82,22.82,-11.92,2026-09-28,0.46,aplicados,1.76,5.72,"0.79,18.11,-2.78,1.19",0.0337,OK,,PENDENTE,
NDAQ,2026-10-21,,2026-09-30,2026-10-05,2026-10-20,fecho da sessao anterior ao anuncio (BMO/DMH),False,92.62,93.98,94.87,90.69,2.17,3139780,86.11,True,False,False,-2.38,100.98,-8.28,2026-09-28,0.66,aplicados,2.38,2.4,"1.85,3.29,-1.22,-3.22",1.0447,OK,,PENDENTE,
NTRS,2026-10-21,bmo,2026-09-30,2026-10-05,2026-10-20,fecho da sessao anterior ao anuncio (BMO/DMH),False,174.55,180.76,183.23,162.16,4.08,1062010,162.31,True,False,False,-4.74,191.47,-8.84,2026-09-28,0.93,aplicados,-2.0,4.97,"-3.46,8.02,6.02,-2.37",2.8773,OK,,PENDENTE,
ALLE,2026-10-22,,2026-10-01,2026-10-06,2026-10-21,fecho da sessao anterior ao anuncio (BMO/DMH),False,155.38,153.88,157.33,150.44,3.04,1331042,146.26,True,True,False,-1.24,179.77,-13.57,2026-09-28,0.52,aplicados,8.3,7.34,"10.45,-7.1,-9.38,-2.44",2.5445,OK,,PENDENTE,
DGX,2026-10-22,bmo,2026-10-01,2026-10-06,2026-10-21,fecho da sessao anterior ao anuncio (BMO/DMH),False,237.62,239.01,236.24,205.07,5.97,1044146,219.71,True,False,True,0.58,247.45,-3.97,2026-09-28,-0.13,aplicados,8.7,5.87,"8.61,4.45,7.37,-3.03",2.8811,OK,,PENDENTE,
GILD,2026-10-22,,2026-10-01,2026-10-06,2026-10-21,fecho da sessao anterior ao anuncio (BMO/DMH),False,152.21,148.89,141.84,136.16,3.38,6157490,142.07,True,True,True,7.31,155.8,-2.3,2026-09-28,0.34,aplicados,0.55,3.03,"3.13,-2.04,5.82,1.14",2.1803,OK,,PENDENTE,
KDP,2026-10-22,bmo,2026-10-01,2026-10-06,2026-10-21,fecho da sessao anterior ao anuncio (BMO/DMH),False,31.46,31.74,31.21,29.4,0.76,11002978,29.18,True,False,True,0.8,33.5,-6.09,2026-09-28,0.07,aplicados,5.69,5.15,"-1.24,7.5,4.23,7.62",0.6255,OK,,PENDENTE,
MA,2026-10-22,bmo,2026-10-01,2026-10-06,2026-10-21,fecho da sessao anterior ao anuncio (BMO/DMH),False,568.26,571.41,569.32,532.3,8.4,2828160,543.06,True,False,False,-0.19,599.86,-5.27,2026-09-28,0.28,aplicados,2.49,2.83,"2.49,-4.25,4.29,-0.31",5.3041,OK,,PENDENTE,
PFG,2026-10-22,amc,2026-10-01,2026-10-06,2026-10-22,fecho do proprio dia do anuncio (AMC),False,114.64,114.96,113.48,101.17,2.49,1410890,107.17,True,False,True,1.02,118.51,-3.27,2026-09-28,0.61,aplicados,0.65,2.66,"2.52,2.41,-2.39,3.31",2.529,OK,,PENDENTE,
UNP,2026-10-22,bmo,2026-10-01,2026-10-06,2026-10-21,fecho da sessao anterior ao anuncio (BMO/DMH),False,274.1,282.83,292.34,264.04,4.87,2713274,259.49,True,False,False,-6.24,310.62,-11.76,2026-09-28,0.23,aplicados,5.93,4.29,"4.02,8.77,-2.08,-2.31",3.4826,OK,,PENDENTE,
VLO,2026-10-22,bmo,2026-10-01,2026-10-06,2026-10-21,fecho da sessao anterior ao anuncio (BMO/DMH),False,389.57,384.55,348.17,255.76,17.44,3091334,337.25,True,True,True,11.89,413.28,-5.74,2026-09-28,-0.27,aplicados,-1.63,3.38,"3.45,-2.26,-0.83,6.96",17.9026,OK,,PENDENTE,
ABBV,2026-10-23,,2026-10-02,2026-10-07,2026-10-22,fecho da sessao anterior ao anuncio (BMO/DMH),False,266.28,260.62,257.28,230.78,4.91,4658182,251.55,True,True,True,3.5,266.28,0.0,2026-09-28,-0.1,aplicados,-1.89,3.6,"-2.51,3.64,-3.79,-4.45",3.9241,OK,,PENDENTE,
CVX,2026-10-23,bmo,2026-10-02,2026-10-07,2026-10-22,fecho da sessao anterior ao anuncio (BMO/DMH),False,206.37,209.5,201.46,185.53,4.72,8771144,192.21,True,False,True,2.44,217.77,-5.23,2026-09-28,-0.49,aplicados,1.46,2.46,"2.35,-1.39,3.34,2.74",4.7945,OK,,PENDENTE,
XOM,2026-10-23,,2026-10-02,2026-10-07,2026-10-22,fecho da sessao anterior ao anuncio (BMO/DMH),False,162.52,162.77,159.73,148.21,3.91,14266300,150.79,True,False,True,1.75,171.47,-5.22,2026-09-28,-0.55,aplicados,-2.06,1.16,"-0.97,-1.02,-2.12,-0.52",3.5366,OK,,PENDENTE,
INCY,2026-10-26,,2026-10-05,2026-10-08,2026-10-23,fecho da sessao anterior ao anuncio (BMO/DMH),False,124.82,124.9,123.4,106.4,3.24,1583680,115.1,True,False,True,1.15,129.93,-3.93,2026-09-28,0.46,aplicados,-0.82,5.31,"9.3,2.11,-8.24,-1.6",-3.4597,OK,,PENDENTE,
MDLZ,2026-10-26,amc,2026-10-05,2026-10-08,2026-10-26,fecho do proprio dia do anuncio (AMC),False,60.18,61.58,62.08,59.51,1.12,8161776,56.82,True,False,False,-3.06,64.99,-7.4,2026-09-28,-0.24,aplicados,2.26,3.38,"4.02,4.27,1.33,-3.92",0.7286,OK,,PENDENTE,
NUE,2026-10-26,amc,2026-10-05,2026-10-08,2026-10-26,fecho do proprio dia do anuncio (AMC),False,244.49,254.03,255.7,213.22,7.42,1393366,222.23,True,False,False,-4.38,274.74,-11.01,2026-09-28,0.93,aplicados,2.48,4.9,"7.17,4.7,-2.3,5.43",5.9509,OK,,PENDENTE,
OKE,2026-10-26,amc,2026-10-05,2026-10-08,2026-10-26,fecho do proprio dia do anuncio (AMC),False,88.62,93.82,92.66,86.48,2.49,3724024,81.15,True,False,False,-4.36,97.51,-9.12,2026-09-28,-0.45,aplicados,-2.61,3.25,"-2.83,2.32,-5.08,-2.75",1.5635,OK,,PENDENTE,
RVTY,2026-10-26,bmo,2026-10-05,2026-10-08,2026-10-23,fecho da sessao anterior ao anuncio (BMO/DMH),False,151.02,136.48,124.5,105.26,5.34,1808796,135.0,True,True,True,21.3,151.11,-0.06,2026-09-28,1.17,aplicados,0.95,4.5,"-3.32,7.36,-5.57,-1.75",1.322,OK,,PENDENTE,
TT,2026-10-26,bmo,2026-10-05,2026-10-08,2026-10-23,fecho da sessao anterior ao anuncio (BMO/DMH),False,452.06,438.27,455.64,446.49,11.24,1098740,418.34,True,True,False,-0.79,503.46,-10.21,2026-09-28,1.09,aplicados,4.72,4.64,"3.33,2.75,8.08,4.42",4.8651,OK,,PENDENTE,
V,2026-10-26,amc,2026-10-05,2026-10-08,2026-10-26,fecho do proprio dia do anuncio (AMC),False,367.74,370.73,368.18,337.07,5.45,6591216,351.39,True,False,False,-0.12,384.14,-4.27,2026-09-28,0.29,aplicados,-2.62,3.5,"1.12,8.26,-3.0,-1.62",3.5019,OK,,PENDENTE,
WELL,2026-10-26,,2026-10-05,2026-10-08,2026-10-23,fecho da sessao anterior ao anuncio (BMO/DMH),False,232.96,234.53,236.97,213.26,4.96,2857176,218.08,True,False,False,-1.69,252.07,-7.58,2026-09-28,0.0,aplicados,1.23,2.51,"-1.92,2.01,3.51,2.62",0.6719,OK,,PENDENTE,
ADM,2026-10-27,bmo,2026-10-06,2026-10-09,2026-10-26,fecho da sessao anterior ao anuncio (BMO/DMH),False,80.38,84.37,82.42,74.01,2.34,3847526,73.36,True,False,False,-2.47,88.09,-8.75,2026-09-28,-0.03,aplicados,2.48,3.52,"-2.87,3.83,-1.01,-6.37",1.5814,OK,,PENDENTE,
BEN,2026-10-27,amc,2026-10-06,2026-10-09,2026-10-27,fecho do proprio dia do anuncio (AMC),False,32.68,33.4,33.65,29.35,0.78,3924866,30.34,True,False,False,-2.87,35.77,-8.64,2026-09-28,1.2,aplicados,0.93,4.55,"4.08,6.86,2.86,-4.39",0.7703,OK,,PENDENTE,
CB,2026-10-27,amc,2026-10-06,2026-10-09,2026-10-27,fecho do proprio dia do anuncio (AMC),False,331.37,338.67,344.48,329.46,4.56,1753720,317.69,True,False,False,-3.81,363.5,-8.84,2026-09-28,-0.34,aplicados,-2.62,3.06,"-3.26,-1.17,5.13,2.7",6.5285,OK,,PENDENTE,
EBAY,2026-10-27,,2026-10-06,2026-10-09,2026-10-26,fecho da sessao anterior ao anuncio (BMO/DMH),False,107.32,107.3,107.8,100.6,3.37,4729802,97.21,True,True,False,-0.44,118.96,-9.78,2026-09-28,0.7,aplicados,0.76,5.96,"1.4,3.42,3.13,-15.88",1.4128,OK,,PENDENTE,
ECL,2026-10-27,bmo,2026-10-06,2026-10-09,2026-10-26,fecho da sessao anterior ao anuncio (BMO/DMH),False,280.23,276.15,278.21,273.56,5.03,1318322,265.14,True,True,True,0.73,308.35,-9.12,2026-09-28,0.48,aplicados,2.44,4.05,"4.24,-3.88,3.98,-4.09",2.1963,OK,,PENDENTE,
ITW,2026-10-27,bmo,2026-10-06,2026-10-09,2026-10-26,fecho da sessao anterior ao anuncio (BMO/DMH),False,273.83,269.78,279.69,268.59,4.38,1250340,260.69,True,True,False,-2.1,299.6,-8.6,2026-09-28,0.47,aplicados,4.88,4.15,"3.63,-2.88,5.56,-4.54",2.9997,OK,,PENDENTE,
KO,2026-10-27,bmo,2026-10-06,2026-10-09,2026-10-26,fecho da sessao anterior ao anuncio (BMO/DMH),False,87.18,88.15,87.59,79.69,1.21,15485382,83.55,True,False,False,-0.47,91.99,-5.23,2026-09-28,-0.25,aplicados,5.03,3.81,"5.0,3.86,2.33,4.06",0.9049,OK,,PENDENTE,
MMM,2026-10-27,,2026-10-06,2026-10-09,2026-10-26,fecho da sessao anterior ao anuncio (BMO/DMH),False,169.48,166.93,173.63,160.69,3.46,3214906,159.1,True,True,False,-2.39,183.78,-7.78,2026-09-28,0.73,aplicados,6.27,5.97,"7.32,-1.94,-6.96,7.66",2.4178,OK,,PENDENTE,
PRU,2026-10-27,amc,2026-10-06,2026-10-09,2026-10-27,fecho do proprio dia do anuncio (AMC),False,116.09,118.74,120.48,108.77,2.34,1722758,109.07,True,False,False,-3.64,125.13,-7.22,2026-09-28,0.66,aplicados,-1.69,2.99,"-2.74,2.68,-4.67,1.88",3.5251,OK,,PENDENTE,
VTR,2026-10-27,,2026-10-06,2026-10-09,2026-10-26,fecho da sessao anterior ao anuncio (BMO/DMH),False,87.04,88.93,91.69,85.77,1.56,3461178,82.36,True,False,False,-5.07,100.53,-13.42,2026-09-28,-0.2,aplicados,-0.94,4.82,"-5.94,3.39,3.39,6.56",0.1784,OK,,PENDENTE,
ADP,2026-10-28,,2026-10-07,2026-10-12,2026-10-27,fecho da sessao anterior ao anuncio (BMO/DMH),False,261.8,272.12,270.27,238.05,5.03,2297492,246.71,True,False,False,-3.13,293.5,-10.8,2026-09-28,-0.02,aplicados,1.72,5.01,"3.6,7.98,-1.88,-6.58",2.7964,OK,,PENDENTE,
AME,2026-10-28,bmo,2026-10-07,2026-10-12,2026-10-27,fecho da sessao anterior ao anuncio (BMO/DMH),False,251.67,238.86,242.87,229.32,5.26,1360430,235.89,True,True,True,3.62,258.52,-2.65,2026-09-28,0.93,aplicados,5.02,3.94,"4.22,3.35,0.53,7.67",2.1214,OK,,PENDENTE,
EW,2026-10-28,amc,2026-10-07,2026-10-12,2026-10-28,fecho do proprio dia do anuncio (AMC),False,86.83,87.79,88.34,85.08,2.07,3674514,80.62,True,False,False,-1.71,95.18,-8.77,2026-09-28,0.56,aplicados,4.99,2.79,"-1.42,5.56,2.96,-1.23",0.7582,OK,,PENDENTE,
NSC,2026-10-28,bmo,2026-10-07,2026-10-12,2026-10-27,fecho da sessao anterior ao anuncio (BMO/DMH),False,313.05,321.28,333.17,311.09,4.84,1192896,298.53,True,False,False,-6.04,352.98,-11.31,2026-09-28,0.24,aplicados,3.64,2.38,"5.32,-0.54,2.0,-1.66",3.6155,OK,,PENDENTE,
PSX,2026-10-28,bmo,2026-10-07,2026-10-12,2026-10-27,fecho da sessao anterior ao anuncio (BMO/DMH),False,253.55,258.82,236.71,181.69,9.25,2971992,225.8,True,False,True,7.12,274.21,-7.53,2026-09-28,-0.23,aplicados,3.17,3.6,"-1.62,5.06,4.46,3.25",10.8185,OK,,PENDENTE,
RJF,2026-10-28,amc,2026-10-07,2026-10-12,2026-10-28,fecho do proprio dia do anuncio (AMC),False,161.16,169.06,173.19,161.0,3.88,1214354,149.52,True,False,False,-6.95,181.18,-11.05,2026-09-28,0.74,aplicados,0.8,0.71,"-1.11,-0.72,-0.42,-0.58",3.3904,OK,,PENDENTE,
TMO,2026-10-28,bmo,2026-10-07,2026-10-12,2026-10-27,fecho da sessao anterior ao anuncio (BMO/DMH),False,678.6,635.39,607.18,540.8,15.44,2119114,632.28,True,True,True,11.76,678.6,0.0,2026-09-28,0.57,aplicados,8.97,5.54,"8.71,-9.2,-2.61,1.65",6.4707,OK,,PENDENTE,
VLTO,2026-10-28,amc,2026-10-07,2026-10-12,2026-10-28,fecho do proprio dia do anuncio (AMC),False,96.2,95.92,96.27,93.06,1.59,1629324,91.43,True,True,False,-0.07,107.14,-10.21,2026-09-28,0.27,aplicados,3.1,4.53,"4.44,4.52,-6.2,-2.96",1.1098,OK,,PENDENTE,
BMY,2026-10-29,,2026-10-08,2026-10-13,2026-10-28,fecho da sessao anterior ao anuncio (BMO/DMH),False,63.88,64.22,64.42,59.2,1.21,10894466,60.25,True,False,False,-0.83,68.09,-6.18,2026-09-28,0.25,aplicados,-0.65,4.81,"2.79,5.21,4.15,7.09",1.742,OK,,PENDENTE,
LLY,2026-10-29,,2026-10-08,2026-10-13,2026-10-28,fecho da sessao anterior ao anuncio (BMO/DMH),False,1184.78,1151.32,1177.53,1071.11,28.21,2513218,1100.15,True,True,True,0.62,1280.34,-7.46,2026-09-28,0.31,aplicados,5.23,7.2,"4.86,9.8,10.33,3.81",10.006,OK,,PENDENTE,
LYV,2026-10-29,amc,2026-10-08,2026-10-13,2026-10-29,fecho do proprio dia do anuncio (AMC),False,171.89,171.93,177.97,163.24,3.83,1973210,160.4,True,False,False,-3.42,188.46,-8.79,2026-09-28,0.64,aplicados,0.73,6.44,"-5.14,6.72,3.31,-10.59",1.5858,OK,,PENDENTE,
MAR,2026-10-29,bmo,2026-10-08,2026-10-13,2026-10-28,fecho da sessao anterior ao anuncio (BMO/DMH),False,358.57,339.81,352.65,348.18,7.42,1623874,336.31,True,True,True,1.68,402.54,-10.92,2026-09-28,0.62,aplicados,-3.59,5.35,"-6.97,-1.95,8.5,3.98",2.8524,OK,,PENDENTE,
MRK,2026-10-29,,2026-10-08,2026-10-13,2026-10-28,fecho da sessao anterior ao anuncio (BMO/DMH),False,148.69,147.9,140.81,121.93,3.2,9985692,139.09,True,True,True,5.6,156.45,-4.96,2026-09-28,0.2,aplicados,1.1,1.38,"0.26,2.73,2.18,-0.35",2.2151,OK,,PENDENTE,
TRGP,2026-10-29,bmo,2026-10-08,2026-10-13,2026-10-28,fecho da sessao anterior ao anuncio (BMO/DMH),False,277.43,288.12,281.82,246.36,7.46,1201634,255.05,True,False,False,-1.56,302.25,-8.21,2026-09-28,-0.19,aplicados,3.18,3.6,"-4.24,-1.71,3.21,5.25",2.7352,OK,,PENDENTE,
AES,2026-11-02,,2026-10-12,2026-10-15,2026-10-30,fecho da sessao anterior ao anuncio (BMO/DMH),False,14.87,14.81,14.78,14.67,0.04,7234346,14.75,True,True,True,0.61,17.28,-13.95,2026-09-28,0.41,pendente,,,,0.7368,OK,,PENDENTE,
AMGN,2026-11-02,amc,2026-10-12,2026-10-15,2026-11-02,fecho do proprio dia do anuncio (AMC),False,418.13,404.18,405.73,362.64,9.18,2798218,390.59,True,True,True,3.06,444.12,-5.85,2026-09-28,0.52,pendente,,,,5.902,OK,,PENDENTE,
BDX,2026-11-02,amc,2026-10-12,2026-10-15,2026-11-02,fecho do proprio dia do anuncio (AMC),False,183.83,182.72,178.07,162.07,4.0,1806272,171.83,True,True,True,3.24,192.0,-4.26,2026-09-28,0.34,pendente,,,,4.1064,OK,,PENDENTE,
DDOG,2026-11-02,bmo,2026-10-12,2026-10-15,2026-10-30,fecho da sessao anterior ao anuncio (BMO/DMH),False,268.7,233.55,242.9,182.3,12.25,4323712,231.95,True,True,True,10.62,288.15,-6.75,2026-09-28,1.19,pendente,,,,0.6649,OK,,PENDENTE,
FANG,2026-11-02,amc,2026-10-12,2026-10-15,2026-11-02,fecho do proprio dia do anuncio (AMC),False,185.23,197.17,198.96,184.08,6.55,2433642,165.58,True,False,False,-6.9,213.69,-13.32,2026-09-28,-0.36,pendente,,,,5.0419,OK,,PENDENTE,
GPN,2026-11-02,bmo,2026-10-12,2026-10-15,2026-10-30,fecho da sessao anterior ao anuncio (BMO/DMH),False,84.7,87.91,87.94,76.49,2.3,2861044,77.8,True,False,False,-3.69,94.83,-10.68,2026-09-28,1.08,pendente,,,,3.6167,OK,,PENDENTE,
HSIC,2026-11-02,bmo,2026-10-12,2026-10-15,2026-10-30,fecho da sessao anterior ao anuncio (BMO/DMH),False,85.99,87.53,87.77,80.1,1.75,1178926,80.74,True,False,False,-2.02,90.86,-5.36,2026-09-28,0.5,pendente,,,,1.3812,OK,,PENDENTE,
IFF,2026-11-02,amc,2026-10-12,2026-10-15,2026-11-02,fecho do proprio dia do anuncio (AMC),False,85.72,85.09,83.34,75.96,1.63,1649232,80.83,True,True,True,2.85,88.07,-2.67,2026-09-28,0.72,pendente,,,,0.8001,OK,,PENDENTE,
JCI,2026-11-02,amc,2026-10-12,2026-10-15,2026-11-02,fecho do proprio dia do anuncio (AMC),False,148.89,143.34,145.2,136.93,3.74,3282276,137.67,True,True,True,2.54,154.76,-3.79,2026-09-28,1.05,pendente,,,,1.5912,OK,,PENDENTE,
PFE,2026-11-02,,2026-10-12,2026-10-15,2026-10-30,fecho da sessao anterior ao anuncio (BMO/DMH),False,28.72,28.1,27.06,26.35,0.44,35982778,27.4,True,True,True,6.15,29.02,-1.03,2026-09-28,0.33,pendente,,,,0.7535,OK,,PENDENTE,
SPG,2026-11-02,,2026-10-12,2026-10-15,2026-10-30,fecho da sessao anterior ao anuncio (BMO/DMH),False,204.53,206.61,216.97,203.47,2.91,1286150,195.8,True,False,False,-5.73,236.7,-13.59,2026-09-28,0.26,pendente,,,,1.6901,OK,,PENDENTE,
VRTX,2026-11-02,,2026-10-12,2026-10-15,2026-10-30,fecho da sessao anterior ao anuncio (BMO/DMH),False,527.67,526.17,515.15,472.3,10.96,1155074,494.79,True,True,True,2.43,557.96,-5.43,2026-09-28,0.52,pendente,,,,4.8476,OK,,PENDENTE,
APA,2026-11-03,amc,2026-10-13,2026-10-16,2026-11-03,fecho do proprio dia do anuncio (AMC),False,42.33,44.14,41.03,35.0,1.61,5716408,37.5,True,False,True,3.17,47.41,-10.72,2026-09-28,-0.74,pendente,,,,1.3512,OK,,PENDENTE,
DVN,2026-11-03,amc,2026-10-13,2026-10-16,2026-11-03,fecho do proprio dia do anuncio (AMC),False,46.73,48.66,46.74,44.41,1.58,11429626,41.99,True,False,False,-0.02,52.07,-10.26,2026-09-28,-0.53,pendente,,,,1.2193,OK,,PENDENTE,
EXPD,2026-11-03,,2026-10-13,2026-10-16,2026-11-02,fecho da sessao anterior ao anuncio (BMO/DMH),False,188.58,188.98,184.01,161.99,3.96,1014684,176.7,True,False,True,2.48,193.9,-2.74,2026-09-28,0.51,pendente,,,,2.1563,OK,,PENDENTE,
MET,2026-11-03,amc,2026-10-13,2026-10-16,2026-11-03,fecho do proprio dia do anuncio (AMC),False,95.82,96.8,96.31,83.49,1.82,3437516,90.36,True,False,False,-0.51,99.95,-4.13,2026-09-28,0.66,pendente,,,,2.5978,OK,,PENDENTE,
MPC,2026-11-03,bmo,2026-10-13,2026-10-16,2026-11-02,fecho da sessao anterior ao anuncio (BMO/DMH),False,389.44,396.4,358.11,257.32,16.32,2668202,340.48,True,False,True,8.75,424.89,-8.34,2026-09-28,-0.14,pendente,,,,21.7395,OK,,PENDENTE,
TECH,2026-11-03,,2026-10-13,2026-10-16,2026-11-02,fecho da sessao anterior ao anuncio (BMO/DMH),False,72.51,72.37,72.21,61.78,0.18,3108010,71.97,True,True,True,0.41,72.61,-0.14,2026-09-28,0.82,pendente,,,,0.4495,OK,,PENDENTE,
ZBH,2026-11-03,bmo,2026-10-13,2026-10-16,2026-11-02,fecho da sessao anterior ao anuncio (BMO/DMH),False,91.62,95.18,96.09,91.4,2.76,2136050,83.34,True,False,False,-4.65,103.98,-11.89,2026-09-28,0.19,pendente,,,,1.9015,OK,,PENDENTE,
COP,2026-11-04,bmo,2026-10-14,2026-10-19,2026-11-03,fecho da sessao anterior ao anuncio (BMO/DMH),False,126.04,133.04,127.36,115.93,3.72,6749780,114.88,True,False,False,-1.03,141.22,-10.75,2026-09-28,-0.51,pendente,,,,2.6019,OK,,PENDENTE,
EOG,2026-11-04,amc,2026-10-14,2026-10-19,2026-11-04,fecho do proprio dia do anuncio (AMC),False,140.63,145.21,144.62,131.39,3.8,3048552,129.23,True,False,False,-2.76,153.74,-8.53,2026-09-28,-0.59,pendente,,,,4.1248,OK,,PENDENTE,
HST,2026-11-04,,2026-10-14,2026-10-19,2026-11-03,fecho da sessao anterior ao anuncio (BMO/DMH),False,22.66,22.11,23.07,21.29,0.42,8999634,21.4,True,True,False,-1.79,25.54,-11.28,2026-09-28,0.68,pendente,,,,0.097,OK,,PENDENTE,
NWSA,2026-11-04,,2026-10-14,2026-10-19,2026-11-03,fecho da sessao anterior ao anuncio (BMO/DMH),False,29.1,29.79,29.24,26.51,0.72,4071900,26.94,True,False,False,-0.48,31.19,-6.7,2026-09-28,0.26,pendente,,,,0.2618,OK,,PENDENTE,
SOLV,2026-11-04,,2026-10-14,2026-10-19,2026-11-03,fecho da sessao anterior ao anuncio (BMO/DMH),False,89.54,89.6,87.32,77.83,1.95,1053774,83.69,True,False,True,2.54,92.44,-3.14,2026-09-28,0.58,pendente,,,,1.3816,OK,,PENDENTE,
VTRS,2026-11-04,,2026-10-14,2026-10-19,2026-11-03,fecho da sessao anterior ao anuncio (BMO/DMH),False,18.27,16.97,16.9,15.2,0.43,9305862,16.98,True,True,True,8.08,18.27,0.0,2026-09-28,0.7,pendente,,,,0.655,OK,,PENDENTE,
WBD,2026-11-04,bmo,2026-10-14,2026-10-19,2026-11-03,fecho da sessao anterior ao anuncio (BMO/DMH),False,30.9,28.97,27.82,27.65,0.47,29983134,29.49,True,True,True,11.07,30.9,0.0,2026-09-28,0.5,pendente,,,,-0.0201,OK,,PENDENTE,
HUM,2026-11-06,bmo,2026-10-16,2026-10-21,2026-11-05,fecho da sessao anterior ao anuncio (BMO/DMH),False,389.63,392.66,386.53,290.9,14.26,1160302,346.85,True,False,True,0.8,409.8,-4.92,2026-09-28,0.55,pendente,,,,-1.0129,OK,,PENDENTE,
PANW,2026-11-17,,2026-10-27,2026-10-30,2026-11-16,fecho da sessao anterior ao anuncio (BMO/DMH),False,392.09,361.94,357.19,246.22,18.36,6257322,337.01,True,True,True,9.77,396.0,-0.99,2026-09-28,1.19,pendente,,,,0.9908,OK,,PENDENTE,
TGT,2026-11-17,,2026-10-27,2026-10-30,2026-11-16,fecho da sessao anterior ao anuncio (BMO/DMH),False,158.43,158.95,154.17,127.61,3.82,3907388,146.97,True,False,True,2.76,169.89,-6.75,2026-09-28,0.45,pendente,,,,2.0672,OK,,PENDENTE,
ROST,2026-11-18,,2026-10-28,2026-11-02,2026-11-17,fecho da sessao anterior ao anuncio (BMO/DMH),False,237.09,230.27,238.0,216.88,5.04,2353616,221.97,True,True,False,-0.38,255.23,-7.11,2026-09-28,0.65,pendente,,,,1.8714,OK,,PENDENTE,
VEEV,2026-11-18,amc,2026-10-28,2026-11-02,2026-11-18,fecho do proprio dia do anuncio (AMC),False,279.96,270.19,243.36,200.14,7.3,1759282,258.06,True,True,True,15.04,306.22,-8.58,2026-09-28,0.58,pendente,,,,2.3897,OK,,PENDENTE,
A,2026-11-23,amc,2026-11-02,2026-11-05,2026-11-23,fecho do proprio dia do anuncio (AMC),False,175.21,155.81,149.62,132.25,4.92,2258470,160.45,True,True,True,17.1,175.21,0.0,2026-09-28,0.86,pendente,,,,1.7606,OK,,PENDENTE,
BBY,2026-11-23,,2026-11-02,2026-11-05,2026-11-20,fecho da sessao anterior ao anuncio (BMO/DMH),False,89.91,90.1,87.4,72.67,2.99,3664038,80.94,True,False,True,2.88,94.83,-5.19,2026-09-28,0.73,pendente,,,,1.5016,OK,,PENDENTE,
HPQ,2026-11-23,amc,2026-11-02,2026-11-05,2026-11-23,fecho do proprio dia do anuncio (AMC),False,31.32,32.51,30.03,23.5,1.68,15613554,26.28,True,False,True,4.3,35.48,-11.72,2026-09-28,0.78,pendente,,,,0.761,OK,,PENDENTE,
SJM,2026-11-23,,2026-11-02,2026-11-05,2026-11-20,fecho da sessao anterior ao anuncio (BMO/DMH),False,120.63,123.94,122.3,108.29,2.49,1354566,113.16,True,False,False,-1.37,132.34,-8.85,2026-09-28,-0.27,pendente,,,,2.573,OK,,PENDENTE,
